{
    "classification_report": {
        "0": {
            "precision": 0.9307692307692308,
            "recall": 0.968,
            "f1-score": 0.9490196078431372,
            "support": 125
        },
        "1": {
            "precision": 0.9696969696969697,
            "recall": 0.9815950920245399,
            "f1-score": 0.975609756097561,
            "support": 163
        },
        "2": {
            "precision": 0.9084507042253521,
            "recall": 0.9347826086956522,
            "f1-score": 0.9214285714285715,
            "support": 138
        },
        "3": {
            "precision": 0.9492753623188406,
            "recall": 0.916083916083916,
            "f1-score": 0.9323843416370106,
            "support": 143
        },
        "4": {
            "precision": 0.9074074074074074,
            "recall": 0.8698224852071006,
            "f1-score": 0.8882175226586102,
            "support": 169
        },
        "5": {
            "precision": 0.879746835443038,
            "recall": 0.8910256410256411,
            "f1-score": 0.8853503184713376,
            "support": 156
        },
        "6": {
            "precision": 0.9266666666666666,
            "recall": 0.9084967320261438,
            "f1-score": 0.9174917491749175,
            "support": 153
        },
        "7": {
            "precision": 0.9316770186335404,
            "recall": 0.9316770186335404,
            "f1-score": 0.9316770186335404,
            "support": 161
        },
        "8": {
            "precision": 0.9020979020979021,
            "recall": 0.86,
            "f1-score": 0.8805460750853243,
            "support": 150
        },
        "9": {
            "precision": 0.8741721854304636,
            "recall": 0.9295774647887324,
            "f1-score": 0.9010238907849828,
            "support": 142
        },
        "accuracy": 0.918,
        "macro avg": {
            "precision": 0.9179960282689411,
            "recall": 0.9191060958485266,
            "f1-score": 0.9182748851814992,
            "support": 1500
        },
        "weighted avg": {
            "precision": 0.9182258851521532,
            "recall": 0.918,
            "f1-score": 0.9178445982162616,
            "support": 1500
        }
    },
    "random_state_seed": 42,
    "test_size": 0.3
}