{
    "accuracy": {
        "0": {
            "precision": 0.823943661971831,
            "recall": 0.936,
            "f1-score": 0.8764044943820225,
            "support": 125
        },
        "1": {
            "precision": 0.8272251308900523,
            "recall": 0.9693251533742331,
            "f1-score": 0.8926553672316384,
            "support": 163
        },
        "2": {
            "precision": 0.795774647887324,
            "recall": 0.8188405797101449,
            "f1-score": 0.8071428571428572,
            "support": 138
        },
        "3": {
            "precision": 0.7333333333333333,
            "recall": 0.6923076923076923,
            "f1-score": 0.7122302158273381,
            "support": 143
        },
        "4": {
            "precision": 0.7846153846153846,
            "recall": 0.6035502958579881,
            "f1-score": 0.6822742474916388,
            "support": 169
        },
        "5": {
            "precision": 0.696969696969697,
            "recall": 0.5897435897435898,
            "f1-score": 0.638888888888889,
            "support": 156
        },
        "6": {
            "precision": 0.8120300751879699,
            "recall": 0.7058823529411765,
            "f1-score": 0.7552447552447553,
            "support": 153
        },
        "7": {
            "precision": 0.7570621468926554,
            "recall": 0.8322981366459627,
            "f1-score": 0.7928994082840237,
            "support": 161
        },
        "8": {
            "precision": 0.5872093023255814,
            "recall": 0.6733333333333333,
            "f1-score": 0.6273291925465838,
            "support": 150
        },
        "9": {
            "precision": 0.6506849315068494,
            "recall": 0.6690140845070423,
            "f1-score": 0.6597222222222223,
            "support": 142
        },
        "accuracy": 0.746,
        "macro avg": {
            "precision": 0.7468848311580678,
            "recall": 0.7490295218421164,
            "f1-score": 0.7444791649261969,
            "support": 1500
        },
        "weighted avg": {
            "precision": 0.7469651717734894,
            "recall": 0.746,
            "f1-score": 0.7428321486813372,
            "support": 1500
        }
    },
    "f1_score": [
        0.8764044943820225,
        0.8926553672316384,
        0.8071428571428572,
        0.7122302158273381,
        0.6822742474916388,
        0.638888888888889,
        0.7552447552447553,
        0.7928994082840237,
        0.6273291925465838,
        0.6597222222222223
    ],
    "random_state_seed": 42,
    "test_size": 0.3
}